-- phpMyAdmin SQL Dump
-- version 4.9.1
-- https://www.phpmyadmin.net/
--
-- Host: 127.0.0.1
-- Waktu pembuatan: 25 Feb 2020 pada 04.30
-- Versi server: 10.4.8-MariaDB
-- Versi PHP: 7.3.11

SET SQL_MODE = "NO_AUTO_VALUE_ON_ZERO";
SET AUTOCOMMIT = 0;
START TRANSACTION;
SET time_zone = "+00:00";


/*!40101 SET @OLD_CHARACTER_SET_CLIENT=@@CHARACTER_SET_CLIENT */;
/*!40101 SET @OLD_CHARACTER_SET_RESULTS=@@CHARACTER_SET_RESULTS */;
/*!40101 SET @OLD_COLLATION_CONNECTION=@@COLLATION_CONNECTION */;
/*!40101 SET NAMES utf8mb4 */;

--
-- Database: `acon`
--

-- --------------------------------------------------------

--
-- Struktur dari tabel `tbl_comment`
--

CREATE TABLE `tbl_comment` (
  `id` int(11) NOT NULL,
  `code_body` text NOT NULL,
  `code_main` text NOT NULL
) ENGINE=InnoDB DEFAULT CHARSET=latin1;

--
-- Dumping data untuk tabel `tbl_comment`
--

INSERT INTO `tbl_comment` (`id`, `code_body`, `code_main`) VALUES
(1, '<div id=\"fb-root\"></div>\r\n<script>(function(d, s, id) {\r\n  var js, fjs = d.getElementsByTagName(s)[0];\r\n  if (d.getElementById(id)) return;\r\n  js = d.createElement(s); js.id = id;\r\n  js.src = \"//connect.facebook.net/en_US/sdk.js#xfbml=1&version=v2.10&appId=323620764400430\";\r\n  fjs.parentNode.insertBefore(js, fjs);\r\n}(document, \'script\', \'facebook-jssdk\'));</script>', '<div class=\"fb-comments\" data-href=\"https://developers.facebook.com/docs/plugins/comments#configurator\" data-numposts=\"5\"></div>');

-- --------------------------------------------------------

--
-- Struktur dari tabel `tbl_designation`
--

CREATE TABLE `tbl_designation` (
  `designation_id` int(11) NOT NULL,
  `designation_name` varchar(100) NOT NULL
) ENGINE=InnoDB DEFAULT CHARSET=latin1;

--
-- Dumping data untuk tabel `tbl_designation`
--

INSERT INTO `tbl_designation` (`designation_id`, `designation_name`) VALUES
(1, 'Chairman'),
(2, 'Manager'),
(3, 'Engineer'),
(4, 'Worker');

-- --------------------------------------------------------

--
-- Struktur dari tabel `tbl_faq`
--

CREATE TABLE `tbl_faq` (
  `faq_id` int(11) NOT NULL,
  `faq_title` varchar(255) NOT NULL,
  `faq_content` text NOT NULL,
  `faq_show` varchar(50) NOT NULL
) ENGINE=InnoDB DEFAULT CHARSET=latin1;

--
-- Dumping data untuk tabel `tbl_faq`
--

INSERT INTO `tbl_faq` (`faq_id`, `faq_title`, `faq_content`, `faq_show`) VALUES
(1, 'Ex vix alienum sadipscing quod melius', '<p>Lorem ipsum dolor sit amet, consectetur adipisicing elit, sed do eiusmod tempor incididunt ut labore et dolore magna aliqua. Ut enim ad minim veniam, quis nostrud exercitation ullamco laboris nisi ut aliquip ex ea commodo consequatquis nostrud exercitation ullamco laboris nisi ut aliquip ex ea commodo consequat.</p>', 'On Home and FAQ Page'),
(2, 'Detracto contentiones te est brute ipsum', '<p>Lorem ipsum dolor sit amet, consectetur adipisicing elit, sed do eiusmod tempor incididunt ut labore et dolore magna aliqua. Ut enim ad minim veniam, quis nostrud exercitation ullamco laboris nisi ut aliquip ex ea commodo consequatquis nostrud exercitation ullamco laboris nisi ut aliquip ex ea commodo consequat.<br></p>', 'On Home and FAQ Page'),
(3, 'Vis constituto complectitur an modo', '<p>Lorem ipsum dolor sit amet, consectetur adipisicing elit, sed do eiusmod tempor incididunt ut labore et dolore magna aliqua. Ut enim ad minim veniam, quis nostrud exercitation ullamco laboris nisi ut aliquip ex ea commodo consequatquis nostrud exercitation ullamco laboris nisi ut aliquip ex ea commodo consequat.<br></p>', 'On Home and FAQ Page'),
(4, 'Ancillae interpretaris ea has id amet', '<p>Lorem ipsum dolor sit amet, consectetur adipisicing elit, sed do eiusmod tempor incididunt ut labore et dolore magna aliqua. Ut enim ad minim veniam, quis nostrud exercitation ullamco laboris nisi ut aliquip ex ea commodo consequatquis nostrud exercitation ullamco laboris nisi ut aliquip ex ea commodo consequat.<br></p>', 'On Home and FAQ Page'),
(6, 'Mei ut errem legimus periculis, eos liber', '<p>Lorem ipsum dolor sit amet, consectetur adipisicing elit, sed do eiusmod tempor incididunt ut labore et dolore magna aliqua. Ut enim ad minim veniam, quis nostrud exercitation ullamco laboris nisi ut aliquip ex ea commodo consequatquis nostrud exercitation ullamco laboris nisi ut aliquip ex ea commodo consequat.<br></p>', 'On Home and FAQ Page'),
(7, 'Latine sanctus perfecto ad pro ut vel', '<p>Lorem ipsum dolor sit amet, consectetur adipisicing elit, sed do eiusmod tempor incididunt ut labore et dolore magna aliqua. Ut enim ad minim veniam, quis nostrud exercitation ullamco laboris nisi ut aliquip ex ea commodo consequatquis nostrud exercitation ullamco laboris nisi ut aliquip ex ea commodo consequat.<br></p>', 'On FAQ Page'),
(8, 'Eam aeterno nominavi id nisl magna', '<p>Lorem ipsum dolor sit amet, consectetur adipisicing elit, sed do eiusmod tempor incididunt ut labore et dolore magna aliqua. Ut enim ad minim veniam, quis nostrud exercitation ullamco laboris nisi ut aliquip ex ea commodo consequatquis nostrud exercitation ullamco laboris nisi ut aliquip ex ea commodo consequat.<br></p>', 'On FAQ Page');

-- --------------------------------------------------------

--
-- Struktur dari tabel `tbl_faq_photo`
--

CREATE TABLE `tbl_faq_photo` (
  `id` int(11) NOT NULL,
  `main_photo` varchar(255) NOT NULL
) ENGINE=InnoDB DEFAULT CHARSET=latin1;

--
-- Dumping data untuk tabel `tbl_faq_photo`
--

INSERT INTO `tbl_faq_photo` (`id`, `main_photo`) VALUES
(1, 'faq-main-photo.png');

-- --------------------------------------------------------

--
-- Struktur dari tabel `tbl_language`
--

CREATE TABLE `tbl_language` (
  `id` int(11) NOT NULL,
  `name` text NOT NULL,
  `value` text NOT NULL
) ENGINE=InnoDB DEFAULT CHARSET=latin1;

--
-- Dumping data untuk tabel `tbl_language`
--

INSERT INTO `tbl_language` (`id`, `name`, `value`) VALUES
(1, 'HOME', 'Home'),
(2, 'PAGE', 'Page'),
(3, 'ABOUT', 'About'),
(4, 'GALLERY', 'Gallery'),
(5, 'FAQ', 'FAQ'),
(6, 'SERVICE', 'Service'),
(7, 'PORTFOLIO', 'Portfolio'),
(8, 'TESTIMONIAL', 'Testimonial'),
(9, 'NEWS', 'News'),
(10, 'CONTACT', 'Contact'),
(11, 'ADDRESS', 'Address'),
(12, 'CALL_US', 'Call Us'),
(13, 'WORKING_HOURS', 'Working Hours'),
(14, 'ABOUT_US', 'About Us'),
(15, 'LATEST_NEWS', 'Latest News'),
(16, 'POPULAR_NEWS', 'Popular News'),
(17, 'QUICK_LINKS', 'Quick Links'),
(18, 'TERMS_AND_CONDITIONS', 'Terms and Conditions'),
(19, 'PRIVACY_POLICY', 'Privacy Policy'),
(20, 'READ_MORE', 'Read More'),
(21, 'POSTED_ON', 'Posted On:'),
(22, 'ADMIN', 'Admin'),
(23, 'SERVICES', 'Services'),
(24, 'ALL', 'All'),
(26, 'PROJECTS', 'Projects'),
(27, 'DESCRIPTION', 'Description'),
(28, 'CLIENT_NAME', 'Client Name'),
(29, 'CLIENT_COMPANY', 'Client Company'),
(30, 'PROJECT_START_DATE', 'Project Start Date'),
(31, 'PROJECT_END_DATE', 'Project End Date'),
(33, 'CLIENT_COMMENT', 'Client\'s Comment'),
(34, 'SEARCH_NEWS', 'Search News'),
(35, 'CATEGORY', 'Category'),
(36, 'SHARE_THIS', 'Share This'),
(37, 'COMMENTS', 'Comments'),
(38, 'SEARCH_BY', 'Search By:'),
(39, 'NO_RESULT_FOUND', 'No Result Found'),
(40, 'CONTACT_US_PAGE_FORM_HEADING_TEXT', 'Contact us through the following form:'),
(41, 'PREVIOUS', 'Previous'),
(42, 'NEXT', 'Next'),
(43, 'FIND_US_ON_MAP', 'Find Us on Map:'),
(44, 'NAME', 'Name'),
(45, 'EMAIL_ADDRESS', 'Email Address'),
(46, 'PHONE', 'Phone Number'),
(47, 'MESSAGE', 'Message'),
(48, 'SEND_MESSAGE', 'Send Message'),
(49, 'EMPTY_ERROR_NAME', 'Name can not be empty'),
(50, 'EMPTY_ERROR_PHONE', 'Phone number can not be empty'),
(51, 'EMPTY_ERROR_EMAIL', 'Email address can not be empty'),
(52, 'VALID_ERROR_EMAIL', 'Email address is invalid'),
(53, 'EMPTY_ERROR_COMMENT', 'Comment can not be empty'),
(54, 'CONTACT_FORM_EMAIL_SUBJECT', 'Contact Form Email - YourWebsite.com'),
(55, 'CONTACT_FORM_EMAIL_SUCCESS_MESSAGE', 'Thank you for sending us the email. We will contact you shortly.'),
(56, 'PASSWORD_REQUEST_EMAIL_SUBJECT', 'Password Request - yourwebsite.com');

-- --------------------------------------------------------

--
-- Struktur dari tabel `tbl_news`
--

CREATE TABLE `tbl_news` (
  `news_id` int(11) NOT NULL,
  `news_title` varchar(255) NOT NULL,
  `news_content` text NOT NULL,
  `news_short_content` text NOT NULL,
  `news_date` varchar(255) NOT NULL,
  `photo` varchar(255) NOT NULL,
  `banner` varchar(255) NOT NULL,
  `category_id` int(11) NOT NULL,
  `total_view` int(11) NOT NULL,
  `comment` varchar(10) NOT NULL,
  `meta_title` varchar(255) NOT NULL,
  `meta_keyword` text NOT NULL,
  `meta_description` text NOT NULL
) ENGINE=InnoDB DEFAULT CHARSET=latin1;

--
-- Dumping data untuk tabel `tbl_news`
--

INSERT INTO `tbl_news` (`news_id`, `news_title`, `news_content`, `news_short_content`, `news_date`, `photo`, `banner`, `category_id`, `total_view`, `comment`, `meta_title`, `meta_keyword`, `meta_description`) VALUES
(1, 'Omnes ornatus qui et, te aeterno discere ocurreret', '<p>Lorem ipsum dolor sit amet, an labores explicari qui, eu nostrum copiosae argumentum has. Latine propriae quo no, unum ridens expetenda id sit, at usu eius eligendi singulis. Sea ocurreret principes ne. At nonumy aperiri pri, nam quodsi copiosae intellegebat et, ex deserunt euripidis usu. Per ad ullum lobortis. Duo volutpat imperdiet ut, postea salutatus imperdiet ut per, ad utinam debitis invenire has.</p><p>Liber utroque vim an, ne his brute vivendo, est fabulas consetetur appellantur an. In dolore legendos quo, ne ferri noluisse sed. Tantas eligendi at ius. Purto ipsum nemore sit ad.</p><p>Vix tale noluisse voluptua ad, ne brute altera democritum cum. Omnes ornatus qui et, te aeterno discere ocurreret sea. Tollit cetero cu usu, etiam evertitur id nec. Id pro unum pertinax oportere, vel ad ridens mollis. Ad ius meis suavitate voluptaria.</p><p>Mei ut errem legimus periculis, eos liber epicurei necessitatibus eu, facilisi postulant vel no. Ad mea commune disputando, cu vel choro exerci. Pri et oratio iisque atomorum, enim detracto mei ne, id eos soleat iudicabit. Ne reque reformidans mei, rebum delicata consequuntur an sit. Sea ad audire utamur. Ut mei ridens minimum intellegat, perpetua euripidis te qui, ad consul intellegebat comprehensam eum.</p><p>Ex vix alienum sadipscing, quod melius philosophia id has. Ad qui quem reprimique, quo possit detracto reprimique no, sint reque officiis ei per. Ea regione commune volutpat pro, fabulas facilis omnesque mei ne. Cu unum detracto comprehensam sea, ad vim ancillae principes, ex usu fugit consulatu. Vis te purto equidem voluptatum.</p>', 'Lorem ipsum dolor sit amet, an labores explicari qui, eu nostrum copiosae argumentum has. Latine propriae quo no, unum ridens expetenda id sit, at usu eius eligendi singulis. Sea ocurreret principes ne. ', '2018-04-23', 'news-1.jpg', 'news-banner-1.jpg', 1, 2, 'On', 'Omnes ornatus qui et, te aeterno discere ocurreret', '', ''),
(2, 'Tollit cetero cu usu, etiam evertitur id nec', '<p>Lorem ipsum dolor sit amet, an labores explicari qui, eu nostrum copiosae argumentum has. Latine propriae quo no, unum ridens expetenda id sit, at usu eius eligendi singulis. Sea ocurreret principes ne. At nonumy aperiri pri, nam quodsi copiosae intellegebat et, ex deserunt euripidis usu. Per ad ullum lobortis. Duo volutpat imperdiet ut, postea salutatus imperdiet ut per, ad utinam debitis invenire has.</p><p>Liber utroque vim an, ne his brute vivendo, est fabulas consetetur appellantur an. In dolore legendos quo, ne ferri noluisse sed. Tantas eligendi at ius. Purto ipsum nemore sit ad.</p><p>Vix tale noluisse voluptua ad, ne brute altera democritum cum. Omnes ornatus qui et, te aeterno discere ocurreret sea. Tollit cetero cu usu, etiam evertitur id nec. Id pro unum pertinax oportere, vel ad ridens mollis. Ad ius meis suavitate voluptaria.</p><p>Mei ut errem legimus periculis, eos liber epicurei necessitatibus eu, facilisi postulant vel no. Ad mea commune disputando, cu vel choro exerci. Pri et oratio iisque atomorum, enim detracto mei ne, id eos soleat iudicabit. Ne reque reformidans mei, rebum delicata consequuntur an sit. Sea ad audire utamur. Ut mei ridens minimum intellegat, perpetua euripidis te qui, ad consul intellegebat comprehensam eum.</p><p>Ex vix alienum sadipscing, quod melius philosophia id has. Ad qui quem reprimique, quo possit detracto reprimique no, sint reque officiis ei per. Ea regione commune volutpat pro, fabulas facilis omnesque mei ne. Cu unum detracto comprehensam sea, ad vim ancillae principes, ex usu fugit consulatu. Vis te purto equidem voluptatum.</p>', 'Lorem ipsum dolor sit amet, an labores explicari qui, eu nostrum copiosae argumentum has. Latine propriae quo no, unum ridens expetenda id sit, at usu eius eligendi singulis. Sea ocurreret principes ne. ', '2018-04-23', 'news-2.jpg', 'news-banner-2.jpg', 2, 12, 'On', 'Tollit cetero cu usu, etiam evertitur id nec', '', ''),
(3, 'Pri et oratio iisque atomorum, enim detracto', '<p>Lorem ipsum dolor sit amet, an labores explicari qui, eu nostrum copiosae argumentum has. Latine propriae quo no, unum ridens expetenda id sit, at usu eius eligendi singulis. Sea ocurreret principes ne. At nonumy aperiri pri, nam quodsi copiosae intellegebat et, ex deserunt euripidis usu. Per ad ullum lobortis. Duo volutpat imperdiet ut, postea salutatus imperdiet ut per, ad utinam debitis invenire has.</p><p>Liber utroque vim an, ne his brute vivendo, est fabulas consetetur appellantur an. In dolore legendos quo, ne ferri noluisse sed. Tantas eligendi at ius. Purto ipsum nemore sit ad.</p><p>Vix tale noluisse voluptua ad, ne brute altera democritum cum. Omnes ornatus qui et, te aeterno discere ocurreret sea. Tollit cetero cu usu, etiam evertitur id nec. Id pro unum pertinax oportere, vel ad ridens mollis. Ad ius meis suavitate voluptaria.</p><p>Mei ut errem legimus periculis, eos liber epicurei necessitatibus eu, facilisi postulant vel no. Ad mea commune disputando, cu vel choro exerci. Pri et oratio iisque atomorum, enim detracto mei ne, id eos soleat iudicabit. Ne reque reformidans mei, rebum delicata consequuntur an sit. Sea ad audire utamur. Ut mei ridens minimum intellegat, perpetua euripidis te qui, ad consul intellegebat comprehensam eum.</p><p>Ex vix alienum sadipscing, quod melius philosophia id has. Ad qui quem reprimique, quo possit detracto reprimique no, sint reque officiis ei per. Ea regione commune volutpat pro, fabulas facilis omnesque mei ne. Cu unum detracto comprehensam sea, ad vim ancillae principes, ex usu fugit consulatu. Vis te purto equidem voluptatum.</p>', 'Lorem ipsum dolor sit amet, an labores explicari qui, eu nostrum copiosae argumentum has. Latine propriae quo no, unum ridens expetenda id sit, at usu eius eligendi singulis. Sea ocurreret principes ne. ', '2018-04-23', 'news-3.jpg', 'news-banner-3.jpg', 3, 6, 'On', 'Pri et oratio iisque atomorum, enim detracto', '', ''),
(4, 'Ad qui quem reprimique, quo possit detracto', '<p>Lorem ipsum dolor sit amet, an labores explicari qui, eu nostrum copiosae argumentum has. Latine propriae quo no, unum ridens expetenda id sit, at usu eius eligendi singulis. Sea ocurreret principes ne. At nonumy aperiri pri, nam quodsi copiosae intellegebat et, ex deserunt euripidis usu. Per ad ullum lobortis. Duo volutpat imperdiet ut, postea salutatus imperdiet ut per, ad utinam debitis invenire has.</p><p>Liber utroque vim an, ne his brute vivendo, est fabulas consetetur appellantur an. In dolore legendos quo, ne ferri noluisse sed. Tantas eligendi at ius. Purto ipsum nemore sit ad.</p><p>Vix tale noluisse voluptua ad, ne brute altera democritum cum. Omnes ornatus qui et, te aeterno discere ocurreret sea. Tollit cetero cu usu, etiam evertitur id nec. Id pro unum pertinax oportere, vel ad ridens mollis. Ad ius meis suavitate voluptaria.</p><p>Mei ut errem legimus periculis, eos liber epicurei necessitatibus eu, facilisi postulant vel no. Ad mea commune disputando, cu vel choro exerci. Pri et oratio iisque atomorum, enim detracto mei ne, id eos soleat iudicabit. Ne reque reformidans mei, rebum delicata consequuntur an sit. Sea ad audire utamur. Ut mei ridens minimum intellegat, perpetua euripidis te qui, ad consul intellegebat comprehensam eum.</p><p>Ex vix alienum sadipscing, quod melius philosophia id has. Ad qui quem reprimique, quo possit detracto reprimique no, sint reque officiis ei per. Ea regione commune volutpat pro, fabulas facilis omnesque mei ne. Cu unum detracto comprehensam sea, ad vim ancillae principes, ex usu fugit consulatu. Vis te purto equidem voluptatum.</p>', 'Lorem ipsum dolor sit amet, an labores explicari qui, eu nostrum copiosae argumentum has. Latine propriae quo no, unum ridens expetenda id sit, at usu eius eligendi singulis. Sea ocurreret principes ne. ', '2018-04-23', 'news-4.jpg', 'news-banner-4.jpg', 4, 10, 'On', 'Ad qui quem reprimique, quo possit detracto', '', ''),
(5, 'Detracto contentiones te est, brute ipsum', '<p>Lorem ipsum dolor sit amet, an labores explicari qui, eu nostrum copiosae argumentum has. Latine propriae quo no, unum ridens expetenda id sit, at usu eius eligendi singulis. Sea ocurreret principes ne. At nonumy aperiri pri, nam quodsi copiosae intellegebat et, ex deserunt euripidis usu. Per ad ullum lobortis. Duo volutpat imperdiet ut, postea salutatus imperdiet ut per, ad utinam debitis invenire has.</p><p>Liber utroque vim an, ne his brute vivendo, est fabulas consetetur appellantur an. In dolore legendos quo, ne ferri noluisse sed. Tantas eligendi at ius. Purto ipsum nemore sit ad.</p><p>Vix tale noluisse voluptua ad, ne brute altera democritum cum. Omnes ornatus qui et, te aeterno discere ocurreret sea. Tollit cetero cu usu, etiam evertitur id nec. Id pro unum pertinax oportere, vel ad ridens mollis. Ad ius meis suavitate voluptaria.</p><p>Mei ut errem legimus periculis, eos liber epicurei necessitatibus eu, facilisi postulant vel no. Ad mea commune disputando, cu vel choro exerci. Pri et oratio iisque atomorum, enim detracto mei ne, id eos soleat iudicabit. Ne reque reformidans mei, rebum delicata consequuntur an sit. Sea ad audire utamur. Ut mei ridens minimum intellegat, perpetua euripidis te qui, ad consul intellegebat comprehensam eum.</p><p>Ex vix alienum sadipscing, quod melius philosophia id has. Ad qui quem reprimique, quo possit detracto reprimique no, sint reque officiis ei per. Ea regione commune volutpat pro, fabulas facilis omnesque mei ne. Cu unum detracto comprehensam sea, ad vim ancillae principes, ex usu fugit consulatu. Vis te purto equidem voluptatum.</p>', 'Lorem ipsum dolor sit amet, an labores explicari qui, eu nostrum copiosae argumentum has. Latine propriae quo no, unum ridens expetenda id sit, at usu eius eligendi singulis. Sea ocurreret principes ne. ', '2018-04-23', 'news-5.jpg', 'news-banner-5.jpg', 5, 21, 'On', 'Detracto contentiones te est, brute ipsum', '', ''),
(6, 'Ex usu vero quaerendum, mei no falli', '<p>Lorem ipsum dolor sit amet, an labores explicari qui, eu nostrum copiosae argumentum has. Latine propriae quo no, unum ridens expetenda id sit, at usu eius eligendi singulis. Sea ocurreret principes ne. At nonumy aperiri pri, nam quodsi copiosae intellegebat et, ex deserunt euripidis usu. Per ad ullum lobortis. Duo volutpat imperdiet ut, postea salutatus imperdiet ut per, ad utinam debitis invenire has.</p><p>Liber utroque vim an, ne his brute vivendo, est fabulas consetetur appellantur an. In dolore legendos quo, ne ferri noluisse sed. Tantas eligendi at ius. Purto ipsum nemore sit ad.</p><p>Vix tale noluisse voluptua ad, ne brute altera democritum cum. Omnes ornatus qui et, te aeterno discere ocurreret sea. Tollit cetero cu usu, etiam evertitur id nec. Id pro unum pertinax oportere, vel ad ridens mollis. Ad ius meis suavitate voluptaria.</p><p>Mei ut errem legimus periculis, eos liber epicurei necessitatibus eu, facilisi postulant vel no. Ad mea commune disputando, cu vel choro exerci. Pri et oratio iisque atomorum, enim detracto mei ne, id eos soleat iudicabit. Ne reque reformidans mei, rebum delicata consequuntur an sit. Sea ad audire utamur. Ut mei ridens minimum intellegat, perpetua euripidis te qui, ad consul intellegebat comprehensam eum.</p><p>Ex vix alienum sadipscing, quod melius philosophia id has. Ad qui quem reprimique, quo possit detracto reprimique no, sint reque officiis ei per. Ea regione commune volutpat pro, fabulas facilis omnesque mei ne. Cu unum detracto comprehensam sea, ad vim ancillae principes, ex usu fugit consulatu. Vis te purto equidem voluptatum.</p>', 'Lorem ipsum dolor sit amet, an labores explicari qui, eu nostrum copiosae argumentum has. Latine propriae quo no, unum ridens expetenda id sit, at usu eius eligendi singulis. Sea ocurreret principes ne. ', '2018-04-23', 'news-6.jpg', 'news-banner-6.jpg', 7, 15, 'Off', 'Ex usu vero quaerendum, mei no falli', '', '');

-- --------------------------------------------------------

--
-- Struktur dari tabel `tbl_news_category`
--

CREATE TABLE `tbl_news_category` (
  `category_id` int(11) NOT NULL,
  `category_name` varchar(255) NOT NULL,
  `meta_title` varchar(255) NOT NULL,
  `meta_keyword` text NOT NULL,
  `meta_description` text NOT NULL
) ENGINE=InnoDB DEFAULT CHARSET=latin1;

--
-- Dumping data untuk tabel `tbl_news_category`
--

INSERT INTO `tbl_news_category` (`category_id`, `category_name`, `meta_title`, `meta_keyword`, `meta_description`) VALUES
(1, 'News Category 1', 'News Category 1', '', ''),
(2, 'News Category 2', 'News Category 2', '', ''),
(3, 'News Category 3', 'News Category 3', '', ''),
(4, 'News Category 4', 'News Category 3', '', ''),
(5, 'News Category 5', 'News Category 5', '', ''),
(7, 'News Category 6', 'News Category 6', '', '');

-- --------------------------------------------------------

--
-- Struktur dari tabel `tbl_page`
--

CREATE TABLE `tbl_page` (
  `id` int(11) NOT NULL,
  `mt_home` varchar(255) NOT NULL,
  `mk_home` text NOT NULL,
  `md_home` text NOT NULL,
  `about_photo` varchar(255) NOT NULL,
  `about_heading` varchar(255) NOT NULL,
  `about_content` text NOT NULL,
  `mission_heading` varchar(255) NOT NULL,
  `mission_content` text NOT NULL,
  `vision_heading` varchar(255) NOT NULL,
  `vision_content` text NOT NULL,
  `mt_about` varchar(255) NOT NULL,
  `mk_about` text NOT NULL,
  `md_about` text NOT NULL,
  `gallery_heading` varchar(255) NOT NULL,
  `mt_gallery` varchar(255) NOT NULL,
  `mk_gallery` text NOT NULL,
  `md_gallery` text NOT NULL,
  `faq_heading` varchar(255) NOT NULL,
  `mt_faq` varchar(255) NOT NULL,
  `mk_faq` text NOT NULL,
  `md_faq` text NOT NULL,
  `service_heading` varchar(255) NOT NULL,
  `mt_service` varchar(255) NOT NULL,
  `mk_service` text NOT NULL,
  `md_service` text NOT NULL,
  `portfolio_heading` varchar(255) NOT NULL,
  `mt_portfolio` varchar(255) NOT NULL,
  `mk_portfolio` text NOT NULL,
  `md_portfolio` text NOT NULL,
  `testimonial_heading` varchar(255) NOT NULL,
  `mt_testimonial` varchar(255) NOT NULL,
  `mk_testimonial` text NOT NULL,
  `md_testimonial` text NOT NULL,
  `news_heading` varchar(255) NOT NULL,
  `mt_news` varchar(255) NOT NULL,
  `mk_news` text NOT NULL,
  `md_news` text NOT NULL,
  `contact_heading` varchar(255) NOT NULL,
  `mt_contact` varchar(255) NOT NULL,
  `mk_contact` text NOT NULL,
  `md_contact` text NOT NULL,
  `search_heading` varchar(255) NOT NULL,
  `mt_search` varchar(255) NOT NULL,
  `mk_search` text NOT NULL,
  `md_search` text NOT NULL,
  `term_heading` varchar(255) NOT NULL,
  `term_content` text NOT NULL,
  `mt_term` varchar(255) NOT NULL,
  `mk_term` text NOT NULL,
  `md_term` text NOT NULL,
  `privacy_heading` varchar(255) NOT NULL,
  `privacy_content` text NOT NULL,
  `mt_privacy` varchar(255) NOT NULL,
  `mk_privacy` text NOT NULL,
  `md_privacy` text NOT NULL
) ENGINE=InnoDB DEFAULT CHARSET=latin1;

--
-- Dumping data untuk tabel `tbl_page`
--

INSERT INTO `tbl_page` (`id`, `mt_home`, `mk_home`, `md_home`, `about_photo`, `about_heading`, `about_content`, `mission_heading`, `mission_content`, `vision_heading`, `vision_content`, `mt_about`, `mk_about`, `md_about`, `gallery_heading`, `mt_gallery`, `mk_gallery`, `md_gallery`, `faq_heading`, `mt_faq`, `mk_faq`, `md_faq`, `service_heading`, `mt_service`, `mk_service`, `md_service`, `portfolio_heading`, `mt_portfolio`, `mk_portfolio`, `md_portfolio`, `testimonial_heading`, `mt_testimonial`, `mk_testimonial`, `md_testimonial`, `news_heading`, `mt_news`, `mk_news`, `md_news`, `contact_heading`, `mt_contact`, `mk_contact`, `md_contact`, `search_heading`, `mt_search`, `mk_search`, `md_search`, `term_heading`, `term_content`, `mt_term`, `mk_term`, `md_term`, `privacy_heading`, `privacy_content`, `mt_privacy`, `mk_privacy`, `md_privacy`) VALUES
(1, 'PT SUBUR ANUGERAH INDONESIA', '', '', 'about_photo.jpg', 'ABOUT US', '<p>Lorem ipsum dolor sit amet, consectetur adipisicing elit. Beatae laudantium dignissimos doloremque tempore fugiat error blanditiis voluptas aliquam fuga, molestiae. Corporis enim iusto, in magnam, commodi minus officiis maxime neque.Lorem ipsum dolor sit amet, consectetur adipisicing elit. Beatae laudantium dignissimos doloremque tempore fugiat error blanditiis voluptas aliquam fuga, molestiae.\r\n</p><p>\r\nCorporis enim iusto, in magnam, commodi minus officiis maxime neque.Lorem ipsum dolor sit amet, consectetur adipisicing elit. Beatae laudantium dignissimos doloremque tempore fugiat error blanditiis voluptas aliquam fuga, molestiae. Corporis enim iusto, in magnam, commodi minus officiis maxime neque.\r\n</p><p>\r\nEu semper imperdiet duo, eos ut exerci sanctus impedit, sit ne legere maiorum gubergren. Putent accusamus te qui, vero forensibus ei ius. His nostrud singulis forensibus te, in possim gubergren his. Habemus officiis qui te, vix te meliore rationibus. No augue zril reformidans est. Pro ex unum vidit, no est noster discere neglegentur, et dictas tamquam his.</p>', 'Mission', 'Lorem ipsum dolor sit amet, consectetur adipisicing elit. Beatae laudantium dignissimos doloremque tempore fugiat error blanditiis voluptas aliquam fuga, molestiae. Corporis enim iusto, in magnam, commodi minus officiis maxime neque.Lorem ipsum dolor sit amet, consectetur adipisicing elit. Beatae laudantium dignissimos doloremque tempore fugiat error blanditiis voluptas aliquam fuga, molestiae. Corporis enim iusto, in magnam, commodi minus officiis maxime neque.', 'Vision', 'Lorem ipsum dolor sit amet, consectetur adipisicing elit. Beatae laudantium dignissimos doloremque tempore fugiat error blanditiis voluptas aliquam fuga, molestiae. Corporis enim iusto, in magnam, commodi minus officiis maxime neque.Lorem ipsum dolor sit amet, consectetur adipisicing elit. Beatae laudantium dignissimos doloremque tempore fugiat error blanditiis voluptas aliquam fuga, molestiae. Corporis enim iusto, in magnam, commodi minus officiis maxime neque.', 'About Us - Acon - Building and Architecture Website CMS', ' ', '', 'GALLERY', 'Gallery - Acon - Building and Architecture Website CMS', '', '', 'FAQ', 'FAQ - Acon - Building and Architecture Website CMS', '', '', 'SERVICES', 'Service - Acon - Building and Architecture Website CMS', '', '', 'PORTFOLIO', 'Portfolio - Acon - Building and Architecture Website CMS', '', '', 'TESTIMONIAL', 'Testimonial - Acon - Building and Architecture Website CMS', '', '', 'NEWS', 'News - Acon - Building and Architecture Website CMS', '', '', 'CONTACT', 'Contact - Acon - Building and Architecture Website CMS', '', '', 'SEARCH BY:', 'Search - Acon - Building and Architecture Website CMS', '', '', 'TERMS & CONDITIONS', '<p>Lorem ipsum dolor sit amet, an labores explicari qui, eu nostrum copiosae argumentum has. Latine propriae quo no, unum ridens expetenda id sit, at usu eius eligendi singulis. Sea ocurreret principes ne. At nonumy aperiri pri, nam quodsi copiosae intellegebat et, ex deserunt euripidis usu. Per ad ullum lobortis. Duo volutpat imperdiet ut, postea salutatus imperdiet ut per, ad utinam debitis invenire has.</p><p>Liber utroque vim an, ne his brute vivendo, est fabulas consetetur appellantur an. In dolore legendos quo, ne ferri noluisse sed. Tantas eligendi at ius. Purto ipsum nemore sit ad.</p><p>Vix tale noluisse voluptua ad, ne brute altera democritum cum. Omnes ornatus qui et, te aeterno discere ocurreret sea. Tollit cetero cu usu, etiam evertitur id nec. Id pro unum pertinax oportere, vel ad ridens mollis. Ad ius meis suavitate voluptaria.</p><p>Mei ut errem legimus periculis, eos liber epicurei necessitatibus eu, facilisi postulant vel no. Ad mea commune disputando, cu vel choro exerci. Pri et oratio iisque atomorum, enim detracto mei ne, id eos soleat iudicabit. Ne reque reformidans mei, rebum delicata consequuntur an sit. Sea ad audire utamur. Ut mei ridens minimum intellegat, perpetua euripidis te qui, ad consul intellegebat comprehensam eum.</p><p>Ex vix alienum sadipscing, quod melius philosophia id has. Ad qui quem reprimique, quo possit detracto reprimique no, sint reque officiis ei per. Ea regione commune volutpat pro, fabulas facilis omnesque mei ne. Cu unum detracto comprehensam sea, ad vim ancillae principes, ex usu fugit consulatu. Vis te purto equidem voluptatum.</p><p>Detracto contentiones te est, brute ipsum consul an vis. Mea ei regione blandit ullamcorper, definiebas constituam vix ei. At his ludus nonumes gloriatur. Ne vim tamquam nonumes.</p><p>Duo purto pertinax in. Ea noluisse mediocrem qui, nobis melius vis et. Iudico delicatissimi no qui, quando fastidii nam et, ne eum rationibus deseruisse neglegentur. Ei eum populo viderer reprimique, tantas homero abhorreant usu ei, at postulant gloriatur vituperata sit.</p>', 'Terms and Conditions - Acon - Building and Architecture Website CMS', '', '', 'PRIVACY POLICY', '<p>Lorem ipsum dolor sit amet, an labores explicari qui, eu nostrum copiosae argumentum has. Latine propriae quo no, unum ridens expetenda id sit, at usu eius eligendi singulis. Sea ocurreret principes ne. At nonumy aperiri pri, nam quodsi copiosae intellegebat et, ex deserunt euripidis usu. Per ad ullum lobortis. Duo volutpat imperdiet ut, postea salutatus imperdiet ut per, ad utinam debitis invenire has.</p><p>Liber utroque vim an, ne his brute vivendo, est fabulas consetetur appellantur an. In dolore legendos quo, ne ferri noluisse sed. Tantas eligendi at ius. Purto ipsum nemore sit ad.</p><p>Vix tale noluisse voluptua ad, ne brute altera democritum cum. Omnes ornatus qui et, te aeterno discere ocurreret sea. Tollit cetero cu usu, etiam evertitur id nec. Id pro unum pertinax oportere, vel ad ridens mollis. Ad ius meis suavitate voluptaria.</p><p>Mei ut errem legimus periculis, eos liber epicurei necessitatibus eu, facilisi postulant vel no. Ad mea commune disputando, cu vel choro exerci. Pri et oratio iisque atomorum, enim detracto mei ne, id eos soleat iudicabit. Ne reque reformidans mei, rebum delicata consequuntur an sit. Sea ad audire utamur. Ut mei ridens minimum intellegat, perpetua euripidis te qui, ad consul intellegebat comprehensam eum.</p><p>Ex vix alienum sadipscing, quod melius philosophia id has. Ad qui quem reprimique, quo possit detracto reprimique no, sint reque officiis ei per. Ea regione commune volutpat pro, fabulas facilis omnesque mei ne. Cu unum detracto comprehensam sea, ad vim ancillae principes, ex usu fugit consulatu. Vis te purto equidem voluptatum.</p><p>Detracto contentiones te est, brute ipsum consul an vis. Mea ei regione blandit ullamcorper, definiebas constituam vix ei. At his ludus nonumes gloriatur. Ne vim tamquam nonumes.</p><p>Duo purto pertinax in. Ea noluisse mediocrem qui, nobis melius vis et. Iudico delicatissimi no qui, quando fastidii nam et, ne eum rationibus deseruisse neglegentur. Ei eum populo viderer reprimique, tantas homero abhorreant usu ei, at postulant gloriatur vituperata sit.</p>', 'Privacy Policy - Acon - Building and Architecture Website CMS', '', '');

-- --------------------------------------------------------

--
-- Struktur dari tabel `tbl_partner`
--

CREATE TABLE `tbl_partner` (
  `id` int(11) NOT NULL,
  `name` varchar(255) NOT NULL,
  `photo` varchar(255) NOT NULL
) ENGINE=InnoDB DEFAULT CHARSET=latin1;

--
-- Dumping data untuk tabel `tbl_partner`
--

INSERT INTO `tbl_partner` (`id`, `name`, `photo`) VALUES
(1, 'Partner Company', 'partner-1.png'),
(2, 'Partner Company', 'partner-2.png'),
(3, 'Partner Company', 'partner-3.png'),
(4, 'Partner Company', 'partner-4.png'),
(5, 'Partner Company', 'partner-5.png'),
(6, 'Partner Company', 'partner-6.png'),
(7, 'Partner Company', 'partner-7.png');

-- --------------------------------------------------------

--
-- Struktur dari tabel `tbl_photo`
--

CREATE TABLE `tbl_photo` (
  `photo_id` int(11) NOT NULL,
  `photo_caption` varchar(255) NOT NULL,
  `photo_name` varchar(255) NOT NULL,
  `photo_show_home` varchar(10) NOT NULL
) ENGINE=InnoDB DEFAULT CHARSET=latin1;

--
-- Dumping data untuk tabel `tbl_photo`
--

INSERT INTO `tbl_photo` (`photo_id`, `photo_caption`, `photo_name`, `photo_show_home`) VALUES
(1, 'Photo Caption 1', 'photo-1.jpg', 'Yes'),
(2, 'Photo Caption 2', 'photo-2.jpg', 'Yes'),
(3, 'Photo Caption 3', 'photo-3.jpg', 'Yes'),
(4, 'Photo Caption 4', 'photo-4.jpg', 'Yes'),
(5, 'Photo Caption 5', 'photo-5.jpg', 'Yes'),
(6, 'Photo Caption 6', 'photo-6.jpg', 'Yes'),
(7, 'Photo Caption 7', 'photo-7.jpg', 'Yes'),
(8, 'Photo Caption 8', 'photo-8.jpg', 'Yes');

-- --------------------------------------------------------

--
-- Struktur dari tabel `tbl_portfolio`
--

CREATE TABLE `tbl_portfolio` (
  `id` int(11) NOT NULL,
  `name` varchar(255) NOT NULL,
  `short_content` text NOT NULL,
  `content` text NOT NULL,
  `client_name` varchar(255) NOT NULL,
  `client_company` varchar(255) NOT NULL,
  `start_date` varchar(50) NOT NULL,
  `end_date` varchar(50) NOT NULL,
  `website` varchar(255) NOT NULL,
  `cost` varchar(50) NOT NULL,
  `client_comment` text NOT NULL,
  `category_id` varchar(255) NOT NULL,
  `photo` varchar(255) NOT NULL,
  `banner` varchar(255) NOT NULL,
  `meta_title` varchar(255) NOT NULL,
  `meta_keyword` text NOT NULL,
  `meta_description` text NOT NULL
) ENGINE=InnoDB DEFAULT CHARSET=latin1;

--
-- Dumping data untuk tabel `tbl_portfolio`
--

INSERT INTO `tbl_portfolio` (`id`, `name`, `short_content`, `content`, `client_name`, `client_company`, `start_date`, `end_date`, `website`, `cost`, `client_comment`, `category_id`, `photo`, `banner`, `meta_title`, `meta_keyword`, `meta_description`) VALUES
(1, 'Corporate Work 1', 'Lorem ipsum dolor sit amet, an labores explicari qui, eu nostrum copiosae argumentum has. Latine propriae quo no, unum ridens expetenda id sit, at usu eius eligendi singulis.', '<p>Lorem ipsum dolor sit amet, an labores explicari qui, eu nostrum copiosae argumentum has. Latine propriae quo no, unum ridens expetenda id sit, at usu eius eligendi singulis. Sea ocurreret principes ne. At nonumy aperiri pri, nam quodsi copiosae intellegebat et, ex deserunt euripidis usu. Per ad ullum lobortis. Duo volutpat imperdiet ut, postea salutatus imperdiet ut per, ad utinam debitis invenire has.</p><p>Liber utroque vim an, ne his brute vivendo, est fabulas consetetur appellantur an. In dolore legendos quo, ne ferri noluisse sed. Tantas eligendi at ius. Purto ipsum nemore sit ad.</p><p>Vix tale noluisse voluptua ad, ne brute altera democritum cum. Omnes ornatus qui et, te aeterno discere ocurreret sea. Tollit cetero cu usu, etiam evertitur id nec. Id pro unum pertinax oportere, vel ad ridens mollis. Ad ius meis suavitate voluptaria.</p><p>Mei ut errem legimus periculis, eos liber epicurei necessitatibus eu, facilisi postulant vel no. Ad mea commune disputando, cu vel choro exerci. Pri et oratio iisque atomorum, enim detracto mei ne, id eos soleat iudicabit. Ne reque reformidans mei, rebum delicata consequuntur an sit. Sea ad audire utamur. Ut mei ridens minimum intellegat, perpetua euripidis te qui, ad consul intellegebat comprehensam eum.</p>', 'Darrell S. McClain', 'Waves Music', '01-07-2018', '04-07-2018', 'http://www.abc.com', '$3000', 'Ancillae interpretaris ea has. Id amet impedit qui, eripuit mnesarchum percipitur in eam. Ne sit habeo inimicus, no his liber regione volutpat. Ex quot voluptaria usu, dolor vivendo docendi nec ea. Et atqui vocent integre vim, quod cibo recusabo ei usu, soleat deseruisse percipitur pri no. Aeterno theophrastus id pro.', '1', 'portfolio-1.jpg', 'portfolio-banner-1.jpg', 'Corporate Work 1', '', ''),
(2, 'Business Work 1', 'Lorem ipsum dolor sit amet, an labores explicari qui, eu nostrum copiosae argumentum has. Latine propriae quo no, unum ridens expetenda id sit, at usu eius eligendi singulis.', '<p>Lorem ipsum dolor sit amet, an labores explicari qui, eu nostrum copiosae argumentum has. Latine propriae quo no, unum ridens expetenda id sit, at usu eius eligendi singulis. Sea ocurreret principes ne. At nonumy aperiri pri, nam quodsi copiosae intellegebat et, ex deserunt euripidis usu. Per ad ullum lobortis. Duo volutpat imperdiet ut, postea salutatus imperdiet ut per, ad utinam debitis invenire has.</p><p>Liber utroque vim an, ne his brute vivendo, est fabulas consetetur appellantur an. In dolore legendos quo, ne ferri noluisse sed. Tantas eligendi at ius. Purto ipsum nemore sit ad.</p><p>Vix tale noluisse voluptua ad, ne brute altera democritum cum. Omnes ornatus qui et, te aeterno discere ocurreret sea. Tollit cetero cu usu, etiam evertitur id nec. Id pro unum pertinax oportere, vel ad ridens mollis. Ad ius meis suavitate voluptaria.</p><p>Mei ut errem legimus periculis, eos liber epicurei necessitatibus eu, facilisi postulant vel no. Ad mea commune disputando, cu vel choro exerci. Pri et oratio iisque atomorum, enim detracto mei ne, id eos soleat iudicabit. Ne reque reformidans mei, rebum delicata consequuntur an sit. Sea ad audire utamur. Ut mei ridens minimum intellegat, perpetua euripidis te qui, ad consul intellegebat comprehensam eum.</p>', 'Richard R. Caldwell', 'Grey Fade', '29-08-2018', '07-09-2018', 'http://www.abc.com', '$2000', 'Ancillae interpretaris ea has. Id amet impedit qui, eripuit mnesarchum percipitur in eam. Ne sit habeo inimicus, no his liber regione volutpat. Ex quot voluptaria usu, dolor vivendo docendi nec ea. Et atqui vocent integre vim, quod cibo recusabo ei usu, soleat deseruisse percipitur pri no. Aeterno theophrastus id pro.', '2', 'portfolio-2.jpg', 'portfolio-banner-2.jpg', 'Business Work 1', '', ''),
(3, 'Engineering Work 1', 'Lorem ipsum dolor sit amet, an labores explicari qui, eu nostrum copiosae argumentum has. Latine propriae quo no, unum ridens expetenda id sit, at usu eius eligendi singulis.', '<p>Lorem ipsum dolor sit amet, an labores explicari qui, eu nostrum copiosae argumentum has. Latine propriae quo no, unum ridens expetenda id sit, at usu eius eligendi singulis. Sea ocurreret principes ne. At nonumy aperiri pri, nam quodsi copiosae intellegebat et, ex deserunt euripidis usu. Per ad ullum lobortis. Duo volutpat imperdiet ut, postea salutatus imperdiet ut per, ad utinam debitis invenire has.</p><p>Liber utroque vim an, ne his brute vivendo, est fabulas consetetur appellantur an. In dolore legendos quo, ne ferri noluisse sed. Tantas eligendi at ius. Purto ipsum nemore sit ad.</p><p>Vix tale noluisse voluptua ad, ne brute altera democritum cum. Omnes ornatus qui et, te aeterno discere ocurreret sea. Tollit cetero cu usu, etiam evertitur id nec. Id pro unum pertinax oportere, vel ad ridens mollis. Ad ius meis suavitate voluptaria.</p><p>Mei ut errem legimus periculis, eos liber epicurei necessitatibus eu, facilisi postulant vel no. Ad mea commune disputando, cu vel choro exerci. Pri et oratio iisque atomorum, enim detracto mei ne, id eos soleat iudicabit. Ne reque reformidans mei, rebum delicata consequuntur an sit. Sea ad audire utamur. Ut mei ridens minimum intellegat, perpetua euripidis te qui, ad consul intellegebat comprehensam eum.</p>', 'Nicholas Y. Coleman', 'Baltimore Markets', '08-04-2018', '22-06-2018', 'http://www.abc.com', '$3400', 'Ancillae interpretaris ea has. Id amet impedit qui, eripuit mnesarchum percipitur in eam. Ne sit habeo inimicus, no his liber regione volutpat. Ex quot voluptaria usu, dolor vivendo docendi nec ea. Et atqui vocent integre vim, quod cibo recusabo ei usu, soleat deseruisse percipitur pri no. Aeterno theophrastus id pro.', '3', 'portfolio-3.jpg', 'portfolio-banner-3.jpg', 'Engineering Work 1', '', ''),
(4, 'Business Work 2', 'Lorem ipsum dolor sit amet, an labores explicari qui, eu nostrum copiosae argumentum has. Latine propriae quo no, unum ridens expetenda id sit, at usu eius eligendi singulis.', '<p>Lorem ipsum dolor sit amet, an labores explicari qui, eu nostrum copiosae argumentum has. Latine propriae quo no, unum ridens expetenda id sit, at usu eius eligendi singulis. Sea ocurreret principes ne. At nonumy aperiri pri, nam quodsi copiosae intellegebat et, ex deserunt euripidis usu. Per ad ullum lobortis. Duo volutpat imperdiet ut, postea salutatus imperdiet ut per, ad utinam debitis invenire has.</p><p>Liber utroque vim an, ne his brute vivendo, est fabulas consetetur appellantur an. In dolore legendos quo, ne ferri noluisse sed. Tantas eligendi at ius. Purto ipsum nemore sit ad.</p><p>Vix tale noluisse voluptua ad, ne brute altera democritum cum. Omnes ornatus qui et, te aeterno discere ocurreret sea. Tollit cetero cu usu, etiam evertitur id nec. Id pro unum pertinax oportere, vel ad ridens mollis. Ad ius meis suavitate voluptaria.</p><p>Mei ut errem legimus periculis, eos liber epicurei necessitatibus eu, facilisi postulant vel no. Ad mea commune disputando, cu vel choro exerci. Pri et oratio iisque atomorum, enim detracto mei ne, id eos soleat iudicabit. Ne reque reformidans mei, rebum delicata consequuntur an sit. Sea ad audire utamur. Ut mei ridens minimum intellegat, perpetua euripidis te qui, ad consul intellegebat comprehensam eum.</p>', 'John A. Flesher', 'Magna Solution', '10-04-2018', '25-05-2018', 'http://www.abc.com', '$2300', 'Ancillae interpretaris ea has. Id amet impedit qui, eripuit mnesarchum percipitur in eam. Ne sit habeo inimicus, no his liber regione volutpat. Ex quot voluptaria usu, dolor vivendo docendi nec ea. Et atqui vocent integre vim, quod cibo recusabo ei usu, soleat deseruisse percipitur pri no. Aeterno theophrastus id pro.', '2', 'portfolio-4.jpg', 'portfolio-banner-4.jpg', 'Business Work 2', '', ''),
(5, 'Corporate Work 2', 'Lorem ipsum dolor sit amet, an labores explicari qui, eu nostrum copiosae argumentum has. Latine propriae quo no, unum ridens expetenda id sit, at usu eius eligendi singulis.', '<p>Lorem ipsum dolor sit amet, an labores explicari qui, eu nostrum copiosae argumentum has. Latine propriae quo no, unum ridens expetenda id sit, at usu eius eligendi singulis. Sea ocurreret principes ne. At nonumy aperiri pri, nam quodsi copiosae intellegebat et, ex deserunt euripidis usu. Per ad ullum lobortis. Duo volutpat imperdiet ut, postea salutatus imperdiet ut per, ad utinam debitis invenire has.</p><p>Liber utroque vim an, ne his brute vivendo, est fabulas consetetur appellantur an. In dolore legendos quo, ne ferri noluisse sed. Tantas eligendi at ius. Purto ipsum nemore sit ad.</p><p>Vix tale noluisse voluptua ad, ne brute altera democritum cum. Omnes ornatus qui et, te aeterno discere ocurreret sea. Tollit cetero cu usu, etiam evertitur id nec. Id pro unum pertinax oportere, vel ad ridens mollis. Ad ius meis suavitate voluptaria.</p><p>Mei ut errem legimus periculis, eos liber epicurei necessitatibus eu, facilisi postulant vel no. Ad mea commune disputando, cu vel choro exerci. Pri et oratio iisque atomorum, enim detracto mei ne, id eos soleat iudicabit. Ne reque reformidans mei, rebum delicata consequuntur an sit. Sea ad audire utamur. Ut mei ridens minimum intellegat, perpetua euripidis te qui, ad consul intellegebat comprehensam eum.</p>', 'Brandon J. Erwin', 'Custom Sound', '15-06-2018', '05-07-2018', 'http://www.abc.com', '$5000', 'Ancillae interpretaris ea has. Id amet impedit qui, eripuit mnesarchum percipitur in eam. Ne sit habeo inimicus, no his liber regione volutpat. Ex quot voluptaria usu, dolor vivendo docendi nec ea. Et atqui vocent integre vim, quod cibo recusabo ei usu, soleat deseruisse percipitur pri no. Aeterno theophrastus id pro.', '1', 'portfolio-5.jpg', 'portfolio-banner-5.jpg', 'Corporate Work 2', '', ''),
(6, 'Engineering Work 2', 'Lorem ipsum dolor sit amet, an labores explicari qui, eu nostrum copiosae argumentum has. Latine propriae quo no, unum ridens expetenda id sit, at usu eius eligendi singulis.', '<p>Lorem ipsum dolor sit amet, an labores explicari qui, eu nostrum copiosae argumentum has. Latine propriae quo no, unum ridens expetenda id sit, at usu eius eligendi singulis. Sea ocurreret principes ne. At nonumy aperiri pri, nam quodsi copiosae intellegebat et, ex deserunt euripidis usu. Per ad ullum lobortis. Duo volutpat imperdiet ut, postea salutatus imperdiet ut per, ad utinam debitis invenire has.</p><p>Liber utroque vim an, ne his brute vivendo, est fabulas consetetur appellantur an. In dolore legendos quo, ne ferri noluisse sed. Tantas eligendi at ius. Purto ipsum nemore sit ad.</p><p>Vix tale noluisse voluptua ad, ne brute altera democritum cum. Omnes ornatus qui et, te aeterno discere ocurreret sea. Tollit cetero cu usu, etiam evertitur id nec. Id pro unum pertinax oportere, vel ad ridens mollis. Ad ius meis suavitate voluptaria.</p><p>Mei ut errem legimus periculis, eos liber epicurei necessitatibus eu, facilisi postulant vel no. Ad mea commune disputando, cu vel choro exerci. Pri et oratio iisque atomorum, enim detracto mei ne, id eos soleat iudicabit. Ne reque reformidans mei, rebum delicata consequuntur an sit. Sea ad audire utamur. Ut mei ridens minimum intellegat, perpetua euripidis te qui, ad consul intellegebat comprehensam eum.</p>', 'George L. Perryman', 'The Own Hardware', '05-02-2018', '20-04-2018', 'http://www.abc.com', '$1900', 'Ancillae interpretaris ea has. Id amet impedit qui, eripuit mnesarchum percipitur in eam. Ne sit habeo inimicus, no his liber regione volutpat. Ex quot voluptaria usu, dolor vivendo docendi nec ea. Et atqui vocent integre vim, quod cibo recusabo ei usu, soleat deseruisse percipitur pri no. Aeterno theophrastus id pro.', '3', 'portfolio-6.jpg', 'portfolio-banner-6.jpg', 'Engineering Work 2', '', '');

-- --------------------------------------------------------

--
-- Struktur dari tabel `tbl_portfolio_category`
--

CREATE TABLE `tbl_portfolio_category` (
  `category_id` int(11) NOT NULL,
  `category_name` varchar(255) NOT NULL,
  `status` varchar(30) NOT NULL
) ENGINE=InnoDB DEFAULT CHARSET=latin1;

--
-- Dumping data untuk tabel `tbl_portfolio_category`
--

INSERT INTO `tbl_portfolio_category` (`category_id`, `category_name`, `status`) VALUES
(1, 'Corporate', 'Active'),
(2, 'Business', 'Active'),
(3, 'Engineering', 'Active');

-- --------------------------------------------------------

--
-- Struktur dari tabel `tbl_portfolio_photo`
--

CREATE TABLE `tbl_portfolio_photo` (
  `id` int(11) NOT NULL,
  `portfolio_id` int(11) NOT NULL,
  `photo` varchar(255) NOT NULL
) ENGINE=InnoDB DEFAULT CHARSET=latin1;

--
-- Dumping data untuk tabel `tbl_portfolio_photo`
--

INSERT INTO `tbl_portfolio_photo` (`id`, `portfolio_id`, `photo`) VALUES
(1, 1, '1.jpg'),
(2, 1, '2.jpg'),
(5, 3, '5.jpg'),
(6, 3, '6.jpg'),
(7, 4, '7.jpg'),
(8, 4, '8.jpg'),
(9, 5, '9.jpg'),
(10, 5, '10.jpg'),
(11, 6, '11.jpg'),
(12, 6, '12.jpg'),
(15, 2, '15.jpg'),
(16, 2, '16.jpg');

-- --------------------------------------------------------

--
-- Struktur dari tabel `tbl_service`
--

CREATE TABLE `tbl_service` (
  `id` int(11) NOT NULL,
  `heading` varchar(255) NOT NULL,
  `short_content` text NOT NULL,
  `content` text NOT NULL,
  `photo` varchar(255) NOT NULL,
  `banner` varchar(255) NOT NULL,
  `meta_title` varchar(255) NOT NULL,
  `meta_keyword` text NOT NULL,
  `meta_description` text NOT NULL
) ENGINE=InnoDB DEFAULT CHARSET=latin1;

--
-- Dumping data untuk tabel `tbl_service`
--

INSERT INTO `tbl_service` (`id`, `heading`, `short_content`, `content`, `photo`, `banner`, `meta_title`, `meta_keyword`, `meta_description`) VALUES
(1, 'ENGINEERING & DESIGN', 'Lorem ipsum dolor sit amet, an labores explicari qui, eu nostrum copiosae argumentum has. Latine propriae quo no, unum ridens', '<p>Lorem ipsum dolor sit amet, an labores explicari qui, eu nostrum copiosae argumentum has. Latine propriae quo no, unum ridensÂ Lorem ipsum dolor sit amet, an labores explicari qui, eu nostrum copiosae argumentum has. </p><p>Latine propriae quo no, unum ridensÂ Lorem ipsum dolor sit amet, an labores explicari qui, eu nostrum copiosae argumentum has. Latine propriae quo no, unum ridensÂ Lorem ipsum dolor sit amet, an labores explicari qui, eu nostrum copiosae argumentum has. Latine propriae quo no, unum ridensÂ Lorem ipsum dolor sit amet, an labores explicari qui, eu nostrum copiosae argumentum has. Latine propriae quo no, unum ridensÂ <br></p>', 'service-1.jpg', 'service-banner-1.jpg', 'Engineering & Design', '', ''),
(2, 'INDUSTRY TRAINING', 'Lorem ipsum dolor sit amet, an labores explicari qui, eu nostrum copiosae argumentum has. Latine propriae quo no, unum ridens ', '<p>Lorem ipsum dolor sit amet, an labores explicari qui, eu nostrum copiosae argumentum has. Latine propriae quo no, unum ridensÂ Lorem ipsum dolor sit amet, an labores explicari qui, eu nostrum copiosae argumentum has. </p><p>Latine propriae quo no, unum ridensÂ Lorem ipsum dolor sit amet, an labores explicari qui, eu nostrum copiosae argumentum has. Latine propriae quo no, unum ridensÂ Lorem ipsum dolor sit amet, an labores explicari qui, eu nostrum copiosae argumentum has. Latine propriae quo no, unum ridensÂ Lorem ipsum dolor sit amet, an labores explicari qui, eu nostrum copiosae argumentum has. Latine propriae quo no, unum ridensÂ <br></p>', 'service-2.jpg', 'service-banner-2.jpg', 'Industry Training', '', ''),
(3, 'PROGRAM MANAGEMENT', 'Lorem ipsum dolor sit amet, an labores explicari qui, eu nostrum copiosae argumentum has. Latine propriae quo no, unum ridens ', '<p>Lorem ipsum dolor sit amet, an labores explicari qui, eu nostrum copiosae argumentum has. Latine propriae quo no, unum ridensÂ Lorem ipsum dolor sit amet, an labores explicari qui, eu nostrum copiosae argumentum has. </p><p>Latine propriae quo no, unum ridensÂ Lorem ipsum dolor sit amet, an labores explicari qui, eu nostrum copiosae argumentum has. Latine propriae quo no, unum ridensÂ Lorem ipsum dolor sit amet, an labores explicari qui, eu nostrum copiosae argumentum has. Latine propriae quo no, unum ridensÂ Lorem ipsum dolor sit amet, an labores explicari qui, eu nostrum copiosae argumentum has. Latine propriae quo no, unum ridensÂ <br></p>', 'service-3.jpg', 'service-banner-3.jpg', 'Program Management', '', ''),
(4, 'ANALYTICS & RESEARCH', 'Lorem ipsum dolor sit amet, an labores explicari qui, eu nostrum copiosae argumentum has. Latine propriae quo no, unum ridens ', '<p>Lorem ipsum dolor sit amet, an labores explicari qui, eu nostrum copiosae argumentum has. Latine propriae quo no, unum ridensÂ Lorem ipsum dolor sit amet, an labores explicari qui, eu nostrum copiosae argumentum has. </p><p>Latine propriae quo no, unum ridensÂ Lorem ipsum dolor sit amet, an labores explicari qui, eu nostrum copiosae argumentum has. Latine propriae quo no, unum ridensÂ Lorem ipsum dolor sit amet, an labores explicari qui, eu nostrum copiosae argumentum has. Latine propriae quo no, unum ridensÂ Lorem ipsum dolor sit amet, an labores explicari qui, eu nostrum copiosae argumentum has. Latine propriae quo no, unum ridensÂ <br></p>', 'service-4.jpg', 'service-banner-4.jpg', 'Analytics & Research', '', ''),
(5, 'DIGITAL ENTERPRISE', 'Lorem ipsum dolor sit amet, an labores explicari qui, eu nostrum copiosae argumentum has. Latine propriae quo no, unum ridens ', '<p>Lorem ipsum dolor sit amet, an labores explicari qui, eu nostrum copiosae argumentum has. Latine propriae quo no, unum ridensÂ Lorem ipsum dolor sit amet, an labores explicari qui, eu nostrum copiosae argumentum has. </p><p>Latine propriae quo no, unum ridensÂ Lorem ipsum dolor sit amet, an labores explicari qui, eu nostrum copiosae argumentum has. Latine propriae quo no, unum ridensÂ Lorem ipsum dolor sit amet, an labores explicari qui, eu nostrum copiosae argumentum has. Latine propriae quo no, unum ridensÂ Lorem ipsum dolor sit amet, an labores explicari qui, eu nostrum copiosae argumentum has. Latine propriae quo no, unum ridensÂ <br></p>', 'service-5.jpg', 'service-banner-5.jpg', 'Digital Enterprise', '', ''),
(6, 'HEALTH AND SAFETY', 'Lorem ipsum dolor sit amet, an labores explicari qui, eu nostrum copiosae argumentum has. Latine propriae quo no, unum ridens ', '<p>Lorem ipsum dolor sit amet, an labores explicari qui, eu nostrum copiosae argumentum has. Latine propriae quo no, unum ridensÂ Lorem ipsum dolor sit amet, an labores explicari qui, eu nostrum copiosae argumentum has. </p><p>Latine propriae quo no, unum ridensÂ Lorem ipsum dolor sit amet, an labores explicari qui, eu nostrum copiosae argumentum has. Latine propriae quo no, unum ridensÂ Lorem ipsum dolor sit amet, an labores explicari qui, eu nostrum copiosae argumentum has. Latine propriae quo no, unum ridensÂ Lorem ipsum dolor sit amet, an labores explicari qui, eu nostrum copiosae argumentum has. Latine propriae quo no, unum ridensÂ <br></p>', 'service-6.jpg', 'service-banner-6.jpg', 'Health & Safety', '', '');

-- --------------------------------------------------------

--
-- Struktur dari tabel `tbl_settings`
--

CREATE TABLE `tbl_settings` (
  `id` int(11) NOT NULL,
  `logo` varchar(255) NOT NULL,
  `logo_admin` varchar(255) NOT NULL,
  `favicon` varchar(255) NOT NULL,
  `counter_bg` varchar(255) NOT NULL,
  `login_bg` varchar(255) NOT NULL,
  `footer_copyright` text NOT NULL,
  `footer_address` text NOT NULL,
  `footer_phone` text NOT NULL,
  `footer_working_hour` text NOT NULL,
  `footer_address_icon` varchar(255) NOT NULL,
  `footer_phone_icon` varchar(255) NOT NULL,
  `footer_working_hour_icon` varchar(255) NOT NULL,
  `footer_about` text NOT NULL,
  `top_bar_email` varchar(255) NOT NULL,
  `top_bar_phone` varchar(255) NOT NULL,
  `contact_map_iframe` text NOT NULL,
  `receive_email` varchar(255) NOT NULL,
  `reset_password_email_subject` varchar(255) NOT NULL,
  `total_recent_post` int(11) NOT NULL,
  `total_popular_post` int(11) NOT NULL,
  `total_recent_post_home` int(11) NOT NULL,
  `theme_color_1` varchar(10) NOT NULL,
  `theme_color_2` varchar(10) NOT NULL,
  `counter1_text` varchar(255) NOT NULL,
  `counter1_value` int(11) NOT NULL,
  `counter2_text` varchar(255) NOT NULL,
  `counter2_value` int(11) NOT NULL,
  `counter3_text` varchar(255) NOT NULL,
  `counter3_value` int(11) NOT NULL,
  `counter4_text` varchar(255) NOT NULL,
  `counter4_value` int(11) NOT NULL,
  `counter_status` varchar(10) NOT NULL,
  `banner_about` varchar(255) NOT NULL,
  `banner_faq` varchar(255) NOT NULL,
  `banner_gallery` varchar(255) NOT NULL,
  `banner_service` varchar(255) NOT NULL,
  `banner_portfolio` varchar(255) NOT NULL,
  `banner_testimonial` varchar(255) NOT NULL,
  `banner_news` varchar(255) NOT NULL,
  `banner_contact` varchar(255) NOT NULL,
  `banner_search` varchar(255) NOT NULL,
  `banner_category` varchar(255) NOT NULL,
  `banner_terms` varchar(255) NOT NULL,
  `banner_privacy` varchar(255) NOT NULL,
  `why_choose_title` varchar(255) NOT NULL,
  `why_choose_subtitle` varchar(255) NOT NULL,
  `why_choose_status` varchar(10) NOT NULL,
  `service_title` varchar(255) NOT NULL,
  `service_subtitle` varchar(255) NOT NULL,
  `service_status` varchar(10) NOT NULL,
  `portfolio_title` varchar(255) NOT NULL,
  `portfolio_subtitle` varchar(255) NOT NULL,
  `portfolio_status` varchar(10) NOT NULL,
  `team_title` varchar(255) NOT NULL,
  `team_subtitle` varchar(255) NOT NULL,
  `team_status` varchar(10) NOT NULL,
  `testimonial_title` varchar(255) NOT NULL,
  `testimonial_subtitle` varchar(255) NOT NULL,
  `testimonial_status` varchar(10) NOT NULL,
  `faq_title` varchar(255) NOT NULL,
  `faq_subtitle` varchar(255) NOT NULL,
  `faq_status` varchar(10) NOT NULL,
  `gallery_title` varchar(255) NOT NULL,
  `gallery_subtitle` varchar(255) NOT NULL,
  `gallery_status` varchar(10) NOT NULL,
  `recent_post_title` varchar(255) NOT NULL,
  `recent_post_subtitle` varchar(255) NOT NULL,
  `recent_post_status` varchar(10) NOT NULL,
  `partner_title` varchar(255) NOT NULL,
  `partner_subtitle` varchar(255) NOT NULL,
  `partner_status` varchar(10) NOT NULL
) ENGINE=InnoDB DEFAULT CHARSET=latin1;

--
-- Dumping data untuk tabel `tbl_settings`
--

INSERT INTO `tbl_settings` (`id`, `logo`, `logo_admin`, `favicon`, `counter_bg`, `login_bg`, `footer_copyright`, `footer_address`, `footer_phone`, `footer_working_hour`, `footer_address_icon`, `footer_phone_icon`, `footer_working_hour_icon`, `footer_about`, `top_bar_email`, `top_bar_phone`, `contact_map_iframe`, `receive_email`, `reset_password_email_subject`, `total_recent_post`, `total_popular_post`, `total_recent_post_home`, `theme_color_1`, `theme_color_2`, `counter1_text`, `counter1_value`, `counter2_text`, `counter2_value`, `counter3_text`, `counter3_value`, `counter4_text`, `counter4_value`, `counter_status`, `banner_about`, `banner_faq`, `banner_gallery`, `banner_service`, `banner_portfolio`, `banner_testimonial`, `banner_news`, `banner_contact`, `banner_search`, `banner_category`, `banner_terms`, `banner_privacy`, `why_choose_title`, `why_choose_subtitle`, `why_choose_status`, `service_title`, `service_subtitle`, `service_status`, `portfolio_title`, `portfolio_subtitle`, `portfolio_status`, `team_title`, `team_subtitle`, `team_status`, `testimonial_title`, `testimonial_subtitle`, `testimonial_status`, `faq_title`, `faq_subtitle`, `faq_status`, `gallery_title`, `gallery_subtitle`, `gallery_status`, `recent_post_title`, `recent_post_subtitle`, `recent_post_status`, `partner_title`, `partner_subtitle`, `partner_status`) VALUES
(1, 'logo.png', 'logo_admin.png', 'favicon.png', 'counter_bg.jpg', 'login_bg.jpg', 'Copyright © 2020. All Rights Reserved.', 'Lane A21, ABC Steet, \r\nNewYork, USA.', '111-222-3333\r\n111-222-4444', 'Monday-Friday (9:00 AM - 5:00 PM)\r\nSaturday and Sunday: Off', 'footer_address_icon.png', 'footer_phone_icon.png', 'footer_working_hour_icon.png', 'Lorem ipsum dolor sit amet, omnis signiferumque in mei, mei ex enim concludaturque. Senserit salutandi euripidis no per, modus maiestatis scribentur est an. Ea suas pertinax has, solet officiis pericula cu pro, possit inermis qui ad. An mea tale perfecto sententiae.', 'info@yourdomain.com', '123-456-7878', '<iframe src=\"https://www.google.com/maps/embed?pb=!1m18!1m12!1m3!1d387142.84040262736!2d-74.25819605476612!3d40.70583158628177!2m3!1f0!2f0!3f0!3m2!1i1024!2i768!4f13.1!3m3!1m2!1s0x89c24fa5d33f083b%3A0xc80b8f06e177fe62!2sNew+York%2C+NY%2C+USA!5e0!3m2!1sen!2sbd!4v1485712851643\" width=\"600\" height=\"450\" frameborder=\"0\" style=\"border:0\" allowfullscreen></iframe>', 'demosly99@gmail.com', 'Password Reset Request - YourWebsite.com', 4, 4, 10, '13233B', '0AC260', 'Working Persons', 150, 'Projects Completed', 1200, 'Happy Clients', 800, 'Awards Achieved', 1200, 'Show', 'banner_about.jpg', 'banner_faq.jpg', 'banner_gallery.jpg', 'banner_service.jpg', 'banner_portfolio.jpg', 'banner_testimonial.jpg', 'banner_news.jpg', 'banner_contact.jpg', 'banner_search.jpg', 'banner_category.jpg', 'banner_terms.jpg', 'banner_privacy.jpg', 'WHY CHOOSE US', 'Lorem ipsum dolor sit amet, consectetur adipisicing elit Deserunt libero voluptate', 'Show', 'SERVICES', 'Lorem ipsum dolor sit amet, consectetur adipisicing elit Deserunt libero voluptate', 'Show', 'PORTFOLIO', 'Lorem ipsum dolor sit amet, consectetur adipisicing elit Deserunt libero voluptate', 'Show', 'EXPERIENCED TEAM', 'Lorem ipsum dolor sit amet, consectetur adipisicing elit Deserunt libero voluptate', 'Show', 'WHAT OUR CLIENTS SAY', 'Lorem ipsum dolor sit amet, consectetur adipisicing elit Deserunt libero voluptate', 'Show', 'Have Some Questions?', 'Lorem ipsum dolor sit amet, consectetur adipisicing elit Deserunt libero voluptate', 'Show', 'PHOTO GALLERY', 'Lorem ipsum dolor sit amet, consectetur adipisicing elit Deserunt libero voluptate', 'Show', 'RECENT POSTS', 'Lorem ipsum dolor sit amet, consectetur adipisicing elit Deserunt libero voluptate', 'Show', 'OUR PARTNERS', 'Lorem ipsum dolor sit amet, consectetur adipisicing elit Deserunt libero voluptate', 'Show');

-- --------------------------------------------------------

--
-- Struktur dari tabel `tbl_slider`
--

CREATE TABLE `tbl_slider` (
  `id` int(11) NOT NULL,
  `photo` varchar(255) NOT NULL,
  `heading` varchar(255) NOT NULL,
  `content` text NOT NULL,
  `button1_text` varchar(255) NOT NULL,
  `button1_url` varchar(255) NOT NULL,
  `button2_text` varchar(255) NOT NULL,
  `button2_url` varchar(255) NOT NULL
) ENGINE=InnoDB DEFAULT CHARSET=latin1;

--
-- Dumping data untuk tabel `tbl_slider`
--

INSERT INTO `tbl_slider` (`id`, `photo`, `heading`, `content`, `button1_text`, `button1_url`, `button2_text`, `button2_url`) VALUES
(1, 'slider-1.png', 'HELPING BUILD A BETTER FUTURE', 'Lorem ipsum dolor sit amet, consectetur adipisicing elit. Deserunt libero voluptate, veritatis esse dolorem soluta.', 'Read More', '#', 'About Us', '#'),
(2, 'slider-2.jpg', 'BUILD WITH CONFIDENCE', 'Lorem ipsum dolor sit amet, consectetur adipisicing elit. Deserunt libero voluptate, veritatis esse dolorem soluta.', 'Read More', '#', 'About Us', '#');

-- --------------------------------------------------------

--
-- Struktur dari tabel `tbl_social`
--

CREATE TABLE `tbl_social` (
  `social_id` int(11) NOT NULL,
  `social_name` varchar(30) NOT NULL,
  `social_url` varchar(255) NOT NULL,
  `social_icon` varchar(30) NOT NULL
) ENGINE=InnoDB DEFAULT CHARSET=latin1;

--
-- Dumping data untuk tabel `tbl_social`
--

INSERT INTO `tbl_social` (`social_id`, `social_name`, `social_url`, `social_icon`) VALUES
(1, 'Facebook', '#', 'fa fa-facebook'),
(2, 'Twitter', '#', 'fa fa-twitter'),
(3, 'LinkedIn', '#', 'fa fa-linkedin'),
(4, 'Google Plus', '#', 'fa fa-google-plus'),
(5, 'Pinterest', '#', 'fa fa-pinterest'),
(6, 'YouTube', '', 'fa fa-youtube'),
(7, 'Instagram', '', 'fa fa-instagram'),
(8, 'Tumblr', '', 'fa fa-tumblr'),
(9, 'Flickr', '', 'fa fa-flickr'),
(10, 'Reddit', '', 'fa fa-reddit'),
(11, 'Snapchat', '', 'fa fa-snapchat'),
(12, 'WhatsApp', '', 'fa fa-whatsapp'),
(13, 'Quora', '', 'fa fa-quora'),
(14, 'StumbleUpon', '', 'fa fa-stumbleupon'),
(15, 'Delicious', '', 'fa fa-delicious'),
(16, 'Digg', '', 'fa fa-digg');

-- --------------------------------------------------------

--
-- Struktur dari tabel `tbl_team_member`
--

CREATE TABLE `tbl_team_member` (
  `id` int(11) NOT NULL,
  `name` varchar(255) NOT NULL,
  `designation_id` int(11) NOT NULL,
  `photo` varchar(255) NOT NULL,
  `facebook` varchar(255) NOT NULL,
  `twitter` varchar(255) NOT NULL,
  `linkedin` varchar(255) NOT NULL,
  `youtube` varchar(255) NOT NULL,
  `google_plus` varchar(255) NOT NULL,
  `instagram` varchar(255) NOT NULL,
  `flickr` varchar(255) NOT NULL
) ENGINE=InnoDB DEFAULT CHARSET=latin1;

--
-- Dumping data untuk tabel `tbl_team_member`
--

INSERT INTO `tbl_team_member` (`id`, `name`, `designation_id`, `photo`, `facebook`, `twitter`, `linkedin`, `youtube`, `google_plus`, `instagram`, `flickr`) VALUES
(1, 'Robert Smith', 1, 'team-member-1.jpg', 'http://www.facebook.com', 'http://www.twitter.com', 'http://www.linkedin.com', 'http://www.youtube.com', '', '', ''),
(2, 'Brent Grundy', 2, 'team-member-2.jpg', 'http://www.facebook.com', 'http://www.twitter.com', 'http://www.linkedin.com', 'http://www.youtube.com', '', '', ''),
(3, 'John Henderson', 3, 'team-member-3.jpg', 'http://www.facebook.com', 'http://www.twitter.com', 'http://www.linkedin.com', 'http://www.youtube.com', '', '', ''),
(4, 'Patrick Joe', 3, 'team-member-4.jpg', 'http://www.facebook.com', 'http://www.twitter.com', 'http://www.linkedin.com', 'http://www.youtube.com', '', '', ''),
(5, 'Peter Robertson', 4, 'team-member-5.jpg', 'http://www.facebook.com', 'http://www.twitter.com', 'http://www.linkedin.com', 'http://www.youtube.com', '', '', '');

-- --------------------------------------------------------

--
-- Struktur dari tabel `tbl_testimonial`
--

CREATE TABLE `tbl_testimonial` (
  `id` int(11) NOT NULL,
  `name` varchar(255) NOT NULL,
  `designation` varchar(255) NOT NULL,
  `company` varchar(255) NOT NULL,
  `photo` varchar(255) NOT NULL,
  `comment` text NOT NULL
) ENGINE=InnoDB DEFAULT CHARSET=latin1;

--
-- Dumping data untuk tabel `tbl_testimonial`
--

INSERT INTO `tbl_testimonial` (`id`, `name`, `designation`, `company`, `photo`, `comment`) VALUES
(1, 'John Doe', 'Managing Director', 'ABC Inc.', 'testimonial-1.jpg', 'Lorem ipsum dolor sit amet, consectetur adipisicing elit. Reprehenderit quo illo corporis nemo consectetur nobis maxime porro obcaecati accusamus, veniam impedit. Soluta esse dolorem saepe architecto similique odit quae ut.'),
(2, 'Dadiv Smith', 'CEO', 'SS Multimedia', 'testimonial-2.jpg', 'Lorem ipsum dolor sit amet, consectetur adipisicing elit. Reprehenderit quo illo corporis nemo consectetur nobis maxime porro obcaecati accusamus, veniam impedit. Soluta esse dolorem saepe architecto similique odit quae ut.'),
(3, 'Stefen Carman', 'Chairman', 'GH Group', 'testimonial-3.jpg', 'Lorem ipsum dolor sit amet, consectetur adipisicing elit. Reprehenderit quo illo corporis nemo consectetur nobis maxime porro obcaecati accusamus, veniam impedit. Soluta esse dolorem saepe architecto similique odit quae ut.'),
(4, 'Gary Brent', 'CFO', 'XYZ It Solution', 'testimonial-4.jpg', 'Lorem ipsum dolor sit amet, consectetur adipisicing elit. Reprehenderit quo illo corporis nemo consectetur nobis maxime porro obcaecati accusamus, veniam impedit. Soluta esse dolorem saepe architecto similique odit quae ut.');

-- --------------------------------------------------------

--
-- Struktur dari tabel `tbl_testimonial_photo`
--

CREATE TABLE `tbl_testimonial_photo` (
  `id` int(11) NOT NULL,
  `main_photo` varchar(255) NOT NULL
) ENGINE=InnoDB DEFAULT CHARSET=latin1;

--
-- Dumping data untuk tabel `tbl_testimonial_photo`
--

INSERT INTO `tbl_testimonial_photo` (`id`, `main_photo`) VALUES
(1, 'testimonial-main-photo.jpg');

-- --------------------------------------------------------

--
-- Struktur dari tabel `tbl_user`
--

CREATE TABLE `tbl_user` (
  `id` int(10) NOT NULL,
  `full_name` varchar(100) NOT NULL,
  `email` varchar(255) NOT NULL,
  `phone` varchar(100) NOT NULL,
  `password` varchar(255) NOT NULL,
  `photo` varchar(255) NOT NULL,
  `role` varchar(30) NOT NULL,
  `status` varchar(10) NOT NULL,
  `token` varchar(255) NOT NULL
) ENGINE=InnoDB DEFAULT CHARSET=latin1;

--
-- Dumping data untuk tabel `tbl_user`
--

INSERT INTO `tbl_user` (`id`, `full_name`, `email`, `phone`, `password`, `photo`, `role`, `status`, `token`) VALUES
(1, 'Administrator', 'admin@admin.com', '111-222-3333', '5ebe2294ecd0e0f08eab7690d2a6ee69', 'user-.jpg', 'Admin', 'Active', '');

-- --------------------------------------------------------

--
-- Struktur dari tabel `tbl_why_choose`
--

CREATE TABLE `tbl_why_choose` (
  `id` int(11) NOT NULL,
  `photo` varchar(255) NOT NULL,
  `heading` varchar(255) NOT NULL,
  `content` text NOT NULL
) ENGINE=InnoDB DEFAULT CHARSET=latin1;

--
-- Dumping data untuk tabel `tbl_why_choose`
--

INSERT INTO `tbl_why_choose` (`id`, `photo`, `heading`, `content`) VALUES
(1, 'why-choose-1.png', 'Brute altera causae ne sed cum no', 'Lorem ipsum dolor sit amet, an labores explicari qui, eu nostrum copiosae argumentum has. Latine propriae quo no, unum ridens expetenda id sit, at usu eius eligendi singulis.Sea ocurreret principes ne.'),
(2, 'why-choose-2.png', 'Liber utroque vim an, ne his brute', 'Lorem ipsum dolor sit amet, an labores explicari qui, eu nostrum copiosae argumentum has. Latine propriae quo no, unum ridens expetenda id sit, at usu eius eligendi singulis.Sea ocurreret principes ne.'),
(3, 'why-choose-3.png', 'Vix tale noluisse voluptua ad ne', 'Lorem ipsum dolor sit amet, an labores explicari qui, eu nostrum copiosae argumentum has. Latine propriae quo no, unum ridens expetenda id sit, at usu eius eligendi singulis.Sea ocurreret principes ne.'),
(4, 'why-choose-4.png', 'Mei ut errem legimus, periculis eos', 'Lorem ipsum dolor sit amet, an labores explicari qui, eu nostrum copiosae argumentum has. Latine propriae quo no, unum ridens expetenda id sit, at usu eius eligendi singulis.Sea ocurreret principes ne.');

-- --------------------------------------------------------

--
-- Struktur dari tabel `tbl_why_choose_photo`
--

CREATE TABLE `tbl_why_choose_photo` (
  `id` int(11) NOT NULL,
  `main_photo` varchar(255) NOT NULL,
  `item_bg` varchar(255) NOT NULL
) ENGINE=InnoDB DEFAULT CHARSET=latin1;

--
-- Dumping data untuk tabel `tbl_why_choose_photo`
--

INSERT INTO `tbl_why_choose_photo` (`id`, `main_photo`, `item_bg`) VALUES
(1, 'why-choose-main-photo.jpg', 'why-choose-item-bg.jpg');

--
-- Indexes for dumped tables
--

--
-- Indeks untuk tabel `tbl_comment`
--
ALTER TABLE `tbl_comment`
  ADD PRIMARY KEY (`id`);

--
-- Indeks untuk tabel `tbl_designation`
--
ALTER TABLE `tbl_designation`
  ADD PRIMARY KEY (`designation_id`);

--
-- Indeks untuk tabel `tbl_faq`
--
ALTER TABLE `tbl_faq`
  ADD PRIMARY KEY (`faq_id`);

--
-- Indeks untuk tabel `tbl_faq_photo`
--
ALTER TABLE `tbl_faq_photo`
  ADD PRIMARY KEY (`id`);

--
-- Indeks untuk tabel `tbl_language`
--
ALTER TABLE `tbl_language`
  ADD PRIMARY KEY (`id`);

--
-- Indeks untuk tabel `tbl_news`
--
ALTER TABLE `tbl_news`
  ADD PRIMARY KEY (`news_id`);

--
-- Indeks untuk tabel `tbl_news_category`
--
ALTER TABLE `tbl_news_category`
  ADD PRIMARY KEY (`category_id`);

--
-- Indeks untuk tabel `tbl_page`
--
ALTER TABLE `tbl_page`
  ADD PRIMARY KEY (`id`);

--
-- Indeks untuk tabel `tbl_partner`
--
ALTER TABLE `tbl_partner`
  ADD PRIMARY KEY (`id`);

--
-- Indeks untuk tabel `tbl_photo`
--
ALTER TABLE `tbl_photo`
  ADD PRIMARY KEY (`photo_id`);

--
-- Indeks untuk tabel `tbl_portfolio`
--
ALTER TABLE `tbl_portfolio`
  ADD PRIMARY KEY (`id`);

--
-- Indeks untuk tabel `tbl_portfolio_category`
--
ALTER TABLE `tbl_portfolio_category`
  ADD PRIMARY KEY (`category_id`);

--
-- Indeks untuk tabel `tbl_portfolio_photo`
--
ALTER TABLE `tbl_portfolio_photo`
  ADD PRIMARY KEY (`id`);

--
-- Indeks untuk tabel `tbl_service`
--
ALTER TABLE `tbl_service`
  ADD PRIMARY KEY (`id`);

--
-- Indeks untuk tabel `tbl_settings`
--
ALTER TABLE `tbl_settings`
  ADD PRIMARY KEY (`id`);

--
-- Indeks untuk tabel `tbl_slider`
--
ALTER TABLE `tbl_slider`
  ADD PRIMARY KEY (`id`);

--
-- Indeks untuk tabel `tbl_social`
--
ALTER TABLE `tbl_social`
  ADD PRIMARY KEY (`social_id`);

--
-- Indeks untuk tabel `tbl_team_member`
--
ALTER TABLE `tbl_team_member`
  ADD PRIMARY KEY (`id`);

--
-- Indeks untuk tabel `tbl_testimonial`
--
ALTER TABLE `tbl_testimonial`
  ADD PRIMARY KEY (`id`);

--
-- Indeks untuk tabel `tbl_testimonial_photo`
--
ALTER TABLE `tbl_testimonial_photo`
  ADD PRIMARY KEY (`id`);

--
-- Indeks untuk tabel `tbl_user`
--
ALTER TABLE `tbl_user`
  ADD PRIMARY KEY (`id`);

--
-- Indeks untuk tabel `tbl_why_choose`
--
ALTER TABLE `tbl_why_choose`
  ADD PRIMARY KEY (`id`);

--
-- Indeks untuk tabel `tbl_why_choose_photo`
--
ALTER TABLE `tbl_why_choose_photo`
  ADD PRIMARY KEY (`id`);

--
-- AUTO_INCREMENT untuk tabel yang dibuang
--

--
-- AUTO_INCREMENT untuk tabel `tbl_comment`
--
ALTER TABLE `tbl_comment`
  MODIFY `id` int(11) NOT NULL AUTO_INCREMENT, AUTO_INCREMENT=2;

--
-- AUTO_INCREMENT untuk tabel `tbl_designation`
--
ALTER TABLE `tbl_designation`
  MODIFY `designation_id` int(11) NOT NULL AUTO_INCREMENT, AUTO_INCREMENT=5;

--
-- AUTO_INCREMENT untuk tabel `tbl_faq`
--
ALTER TABLE `tbl_faq`
  MODIFY `faq_id` int(11) NOT NULL AUTO_INCREMENT, AUTO_INCREMENT=9;

--
-- AUTO_INCREMENT untuk tabel `tbl_faq_photo`
--
ALTER TABLE `tbl_faq_photo`
  MODIFY `id` int(11) NOT NULL AUTO_INCREMENT, AUTO_INCREMENT=2;

--
-- AUTO_INCREMENT untuk tabel `tbl_language`
--
ALTER TABLE `tbl_language`
  MODIFY `id` int(11) NOT NULL AUTO_INCREMENT, AUTO_INCREMENT=57;

--
-- AUTO_INCREMENT untuk tabel `tbl_news`
--
ALTER TABLE `tbl_news`
  MODIFY `news_id` int(11) NOT NULL AUTO_INCREMENT, AUTO_INCREMENT=7;

--
-- AUTO_INCREMENT untuk tabel `tbl_news_category`
--
ALTER TABLE `tbl_news_category`
  MODIFY `category_id` int(11) NOT NULL AUTO_INCREMENT, AUTO_INCREMENT=8;

--
-- AUTO_INCREMENT untuk tabel `tbl_page`
--
ALTER TABLE `tbl_page`
  MODIFY `id` int(11) NOT NULL AUTO_INCREMENT, AUTO_INCREMENT=2;

--
-- AUTO_INCREMENT untuk tabel `tbl_partner`
--
ALTER TABLE `tbl_partner`
  MODIFY `id` int(11) NOT NULL AUTO_INCREMENT, AUTO_INCREMENT=8;

--
-- AUTO_INCREMENT untuk tabel `tbl_photo`
--
ALTER TABLE `tbl_photo`
  MODIFY `photo_id` int(11) NOT NULL AUTO_INCREMENT, AUTO_INCREMENT=9;

--
-- AUTO_INCREMENT untuk tabel `tbl_portfolio`
--
ALTER TABLE `tbl_portfolio`
  MODIFY `id` int(11) NOT NULL AUTO_INCREMENT, AUTO_INCREMENT=7;

--
-- AUTO_INCREMENT untuk tabel `tbl_portfolio_category`
--
ALTER TABLE `tbl_portfolio_category`
  MODIFY `category_id` int(11) NOT NULL AUTO_INCREMENT, AUTO_INCREMENT=4;

--
-- AUTO_INCREMENT untuk tabel `tbl_portfolio_photo`
--
ALTER TABLE `tbl_portfolio_photo`
  MODIFY `id` int(11) NOT NULL AUTO_INCREMENT, AUTO_INCREMENT=17;

--
-- AUTO_INCREMENT untuk tabel `tbl_service`
--
ALTER TABLE `tbl_service`
  MODIFY `id` int(11) NOT NULL AUTO_INCREMENT, AUTO_INCREMENT=7;

--
-- AUTO_INCREMENT untuk tabel `tbl_settings`
--
ALTER TABLE `tbl_settings`
  MODIFY `id` int(11) NOT NULL AUTO_INCREMENT, AUTO_INCREMENT=2;

--
-- AUTO_INCREMENT untuk tabel `tbl_slider`
--
ALTER TABLE `tbl_slider`
  MODIFY `id` int(11) NOT NULL AUTO_INCREMENT, AUTO_INCREMENT=3;

--
-- AUTO_INCREMENT untuk tabel `tbl_social`
--
ALTER TABLE `tbl_social`
  MODIFY `social_id` int(11) NOT NULL AUTO_INCREMENT, AUTO_INCREMENT=17;

--
-- AUTO_INCREMENT untuk tabel `tbl_team_member`
--
ALTER TABLE `tbl_team_member`
  MODIFY `id` int(11) NOT NULL AUTO_INCREMENT, AUTO_INCREMENT=6;

--
-- AUTO_INCREMENT untuk tabel `tbl_testimonial`
--
ALTER TABLE `tbl_testimonial`
  MODIFY `id` int(11) NOT NULL AUTO_INCREMENT, AUTO_INCREMENT=5;

--
-- AUTO_INCREMENT untuk tabel `tbl_testimonial_photo`
--
ALTER TABLE `tbl_testimonial_photo`
  MODIFY `id` int(11) NOT NULL AUTO_INCREMENT, AUTO_INCREMENT=2;

--
-- AUTO_INCREMENT untuk tabel `tbl_user`
--
ALTER TABLE `tbl_user`
  MODIFY `id` int(10) NOT NULL AUTO_INCREMENT, AUTO_INCREMENT=2;

--
-- AUTO_INCREMENT untuk tabel `tbl_why_choose`
--
ALTER TABLE `tbl_why_choose`
  MODIFY `id` int(11) NOT NULL AUTO_INCREMENT, AUTO_INCREMENT=5;

--
-- AUTO_INCREMENT untuk tabel `tbl_why_choose_photo`
--
ALTER TABLE `tbl_why_choose_photo`
  MODIFY `id` int(11) NOT NULL AUTO_INCREMENT, AUTO_INCREMENT=2;
COMMIT;

/*!40101 SET CHARACTER_SET_CLIENT=@OLD_CHARACTER_SET_CLIENT */;
/*!40101 SET CHARACTER_SET_RESULTS=@OLD_CHARACTER_SET_RESULTS */;
/*!40101 SET COLLATION_CONNECTION=@OLD_COLLATION_CONNECTION */;
